set search_path=cho_db;

-- Insert data into Item table
INSERT INTO Item (ItemID, ItemNome, ItemCategoria, ItemPrecoVenda) VALUES
(1, 'Salada Caesar', 'PratoPadrao', 15.00),
(2, 'Sopa de Legumes', 'PratoPadrao', 12.00),
(3, 'Filé de Frango', 'PratoPadrao', 25.00),
(4, 'Espaguete ao Óleo', 'PratoPadrao', 20.00),
(5, 'Arroz e Bife', 'PratoPadrao', 20.00),
(6, 'Alaminuta de Carne', 'PratoPadrao', 35.00),
(7, 'Cereal com Leite', 'PratoPadrao', 15.00),
(8, 'Queijo Frito', 'PratoPadrao', 22.00),
(9, 'Vinho Tinto', 'Bebida', 30.00),
(10, 'Vinho Argentino', 'Bebida', 40.00),
(11, 'Cerveja Brahma', 'Bebida', 7.00),
(12, 'Cerveja Pilsen', 'Bebida', 9.00),
(13, 'Torta de Limão', 'PratoEspecial', 20.00),
(14, 'Figado com Espinafre', 'PratoEspecial', 23.00),
(15, 'Chips de Berinjela', 'PratoEspecial', 18.00),
(16, 'Chuchu ao Molho Branco', 'PratoEspecial', 22.00),
(17, 'Salmão Grelhado', 'PratoEspecial', 50.00),
(18, 'Salada de Abobrinha', 'PratoEspecial', 25.00);

-- Insert data into PratoPadrao table
INSERT INTO PratoPadrao (PratoTipoSang, ItemID) VALUES
('A', 1),
('A', 2),
('AB', 3),
('AB', 4),
('O', 5),
('O', 6),
('B', 7),
('B', 8);

-- Insert data into PratoEspecial table
INSERT INTO PratoEspecial (PratoEnfermidade, ItemID) VALUES
('Anemia', 13),
('Anemia', 14),
('Imunidade Baixa', 15),
('Imunidade Baixa', 16),
('Diabetes', 17),
('Diabetes', 18);

-- Insert data into Bebida table
INSERT INTO Bebida (BebTipoSangue, ItemID) VALUES
('A', 9),
('AB', 10),
('B', 11),
('O', 12);


-- Insert data into Filial table
INSERT INTO Filial (FilialID, FilialRua, FilialBairro, FilialMunicipio, FilialEstado) VALUES
(1, 'R. Visc. de Pirajá', 'Ipanema', 'Rio de Janeiro', 'RJ'),
(2, 'Rua Cruz Lima', 'Flamengo', 'Rio de Janeiro', 'RJ'),
(3, 'Avenida Assis Brasil', 'Centro', 'Arroio do Sal', 'RS'),
(4, 'Rua da Consolação', 'Consolação', 'São Paulo', 'SP'),
(5, 'Av. Paulista', 'Bela Vista', 'São Paulo', 'SP'),
(6, 'Rua XV de Novembro', 'Centro', 'Curitiba', 'PR'),
(7, 'Rua dos Andradas', 'Centro', 'Porto Alegre', 'RS'),
(8, 'Rua Sete de Setembro', 'Centro', 'Manaus', 'AM'),
(9, 'Av. das Américas', 'Barra da Tijuca', 'Rio de Janeiro', 'RJ'),
(10, 'Rua Padre Antônio', 'Lourdes', 'Belo Horizonte', 'MG');

INSERT INTO Funcionario (FuncID, FuncCargo, FuncSalario, FuncDataNasc, FuncNome, FuncCPF, FilialID) VALUES
(1, 'Gerente', 5000.00, '1979-10-13', 'Bernardo Jesus', '52063841780', 1),
(2, 'Chef', 4500.00, '1964-01-18', 'Maria Silva', '34605172807', 1),
(3, 'Auxiliar de Cozinha', 2200.00, '1983-09-15', 'Otávio Silva', '27318540653', 1),
(4, 'Garçom', 2500.00, '2003-06-08', 'Levi Gomes', '82653740974', 1),
(5, 'Administrativo', 3200.00, '2002-06-17', 'Theo Duarte', '96782035103', 1),
(6, 'Gerente', 5000.00, '1987-12-07', 'Raul Vieira', '58042963700', 2),
(7, 'Chef', 4500.00, '1998-06-09', 'Luiz Felipe Viana', '95821470676', 2),
(8, 'Auxiliar de Cozinha', 2200.00, '1968-01-30', 'Agatha Rezende', '37652089492', 2),
(9, 'Garçom', 2500.00, '1992-04-04', 'Pedro Nunes', '58273196437', 2),
(10, 'Administrativo', 3200.00, '1978-12-02', 'Maria Clara Almeida', '13805764901', 2),
(11, 'Gerente', 5000.00, '1975-04-27', 'Ana Luiza da Luz', '43201857653', 3),
(12, 'Chef', 4500.00, '1975-12-04', 'Rodrigo Martins', '08745261326', 3),
(13, 'Auxiliar de Cozinha', 2200.00, '1991-06-03', 'Dr. João Lucas da Paz', '13720658902', 3),
(14, 'Garçom', 2500.00, '1977-10-11', 'Catarina Carvalho', '50892734647', 3),
(15, 'Administrativo', 3200.00, '1958-06-10', 'Murilo Gonçalves', '27501936803', 3),
(16, 'Gerente', 5000.00, '1994-03-01', 'Gabrielly Souza', '80357624190', 4),
(17, 'Chef', 4500.00, '1978-04-02', 'Emanuel Teixeira', '38791506212', 4),
(18, 'Auxiliar de Cozinha', 2200.00, '1993-12-20', 'Eduardo Fogaça', '09438726187', 4),
(19, 'Garçom', 2500.00, '1966-10-12', 'Benjamin da Mata', '64519872391', 4),
(20, 'Administrativo', 3200.00, '1978-07-17', 'Antônio da Costa', '98376521012', 4),
(21, 'Gerente', 5000.00, '1982-12-11', 'Lorenzo Cavalcanti', '47650391884', 5),
(22, 'Chef', 4500.00, '2006-05-13', 'Valentina Teixeira', '26854310717', 5),
(23, 'Auxiliar de Cozinha', 2200.00, '1995-05-06', 'Sr. Danilo Martins', '48627905347', 5),
(24, 'Garçom', 2500.00, '1975-03-16', 'Guilherme Ramos', '96570481258', 5),
(25, 'Administrativo', 3200.00, '1983-12-07', 'Melissa Oliveira', '76890415230', 5),
(26, 'Gerente', 5000.00, '1977-08-26', 'Gustavo Castro', '20948756101', 6),
(27, 'Chef', 4500.00, '1980-07-09', 'Luiz Henrique Moraes', '26190857485', 6),
(28, 'Auxiliar de Cozinha', 2200.00, '1970-11-28', 'Maria Fernanda Martins', '68314092533', 6),
(29, 'Garçom', 2500.00, '1992-09-17', 'Bárbara Sales', '40379265125', 6),
(30, 'Administrativo', 3200.00, '1982-08-18', 'Sofia Oliveira', '46293107543', 6),
(31, 'Gerente', 5000.00, '2000-03-20', 'Ana Beatriz Nunes', '89460532756', 7),
(32, 'Chef', 4500.00, '1961-10-22', 'Sr. Gabriel Araújo', '96274035800', 7),
(33, 'Auxiliar de Cozinha', 2200.00, '1989-09-04', 'Lívia da Cruz', '20398154651', 7),
(34, 'Garçom', 2500.00, '1997-04-03', 'Pedro Henrique Souza', '23014659851', 7),
(35, 'Administrativo', 3200.00, '1972-03-25', 'João Guilherme Pinto', '82947613031', 7),
(36, 'Gerente', 5000.00, '1995-03-10', 'Luiz Fernando da Paz', '25894107350', 8),
(37, 'Chef', 4500.00, '2002-09-24', 'Davi Lucca Gonçalves', '50183946251', 8),
(38, 'Auxiliar de Cozinha', 2200.00, '1962-12-28', 'Srta. Maria Fernanda Ribeiro', '53297810432', 8),
(39, 'Garçom', 2500.00, '1980-04-01', 'Sra. Ana Vitória da Mata', '54761902876', 8),
(40, 'Administrativo', 3200.00, '1995-09-01', 'Davi Lucas Fernandes', '60257831444', 8),
(41, 'Gerente', 5000.00, '1975-12-11', 'Cauê Carvalho', '89267504347', 9),
(42, 'Chef', 4500.00, '1998-08-17', 'Emanuel Lima', '61902843533', 9),
(43, 'Auxiliar de Cozinha', 2200.00, '1971-01-27', 'Bianca Aragão', '74281530932', 9),
(44, 'Garçom', 2500.00, '1969-04-29', 'Elisa Nascimento', '61024735907', 9),
(45, 'Administrativo', 3200.00, '1964-07-09', 'Dr. Vitor Hugo Gomes', '02367419507', 9),
(46, 'Gerente', 5000.00, '1984-09-22', 'Otávio Gonçalves', '17805496366', 10),
(47, 'Chef', 4500.00, '1977-10-15', 'Marina Monteiro', '71058694375', 10),
(48, 'Auxiliar de Cozinha', 2200.00, '2002-01-12', 'Dr. Noah Araújo', '56124879328', 10),
(49, 'Garçom', 2500.00, '1998-02-08', 'Sophie da Mota', '63451827964', 10),
(50, 'Administrativo', 3200.00, '1978-09-09', 'Srta. Ana Lívia Melo', '01289634505', 10);

INSERT INTO Funcionario_FuncTelefone (FuncTelefone, FuncID) VALUES
('1971240193', 1),
('1990275181', 2),
('1966062276', 3),
('4997059203', 4),
('4903964637', 5),
('1975289395', 6),
('1946689130', 7),
('1986684702', 8),
('4947968740', 9),
('1956723657', 10),
('1999481306', 11),
('1931632653', 12),
('1924814621', 13),
('1987979731', 14),
('1974170334', 15),
('1938263472', 16),
('1990854213', 17),
('1943246479', 18),
('1949120725', 19),
('1987595421', 20),
('1960688085', 21),
('1950773668', 22),
('1919698299', 23),
('4903989900', 24),
('1972971614', 25),
('1991069181', 26),
('1902505209', 27),
('1956702881', 28),
('1962618425', 29),
('1909280938', 30),
('1961039856', 31),
('1925784462', 32),
('1924510694', 33),
('1968067874', 34),
('1920626295', 35),
('1929030974', 36),
('1900332259', 37),
('1901773956', 38),
('1903264873', 39),
('1963980752', 40),
('1934401378', 41),
('1963359580', 42),
('1938677621', 43),
('1920376217', 44),
('1955246782', 45),
('4956454175', 46),
('1910633939', 47),
('1969107296', 48),
('1989477800', 49),
('1969640681', 50);


-- Insert data into Cliente table
INSERT INTO Cliente (ClienteID, ClienteNome, ClienteSobrenome, ClienteTipoSang, ClienteRua, ClienteBairro, ClienteMunicipio, ClienteEstado, ClienteCPF, ClienteDataNasc) VALUES
(1, 'Vinicius', 'Teixeira', 'B', 'Rua da Consolação', 'Consolação', 'São Paulo', 'SP', '38062759474', '1978-11-14'),
(2, 'Leonardo', 'Freitas', 'B', 'Rua XV de Novembro', 'Centro', 'Curitiba', 'PR', '57163042817', '1999-03-31'),
(3, 'Antônio', 'Nogueira', 'O', 'Av. Paulista', 'Bela Vista', 'São Paulo', 'SP', '78312659455', '1966-01-19'),
(4, 'Fernando', 'Campos', 'B', 'R. Bento Manoel Ribeiro', 'Figueirinha', 'Arroio do Sal', 'RS', '74539816209', '1945-12-15'),
(5, 'João Guilherme', 'Caldeira', 'O', 'Rua Cruz Lima', 'Flamengo', 'Rio de Janeiro', 'RJ', '18376509268', '1945-10-31'),
(6, 'Maria Luiza', 'Lopes', 'B', 'Rua Padre Antônio', 'Lourdes', 'Belo Horizonte', 'MG', '03896217577', '1999-01-15'),
(7, 'Erick', 'Vieira', 'A', 'Rua dos Andradas', 'Centro', 'Porto Alegre', 'RS', '91356872077', '2003-06-18'),
(8, 'Otávio', 'da Paz', 'AB', 'Rua da Consolação', 'Consolação', 'São Paulo', 'SP', '38510624933', '1952-04-14'),
(9, 'Maria Vitória', 'Caldeira', 'AB', 'Rua Alegrete', 'Centro', 'Arroio do Sal', 'RS', '79280361422', '1966-05-29'),
(10, 'Benjamin', 'Cardoso', 'AB', 'Rua Sete de Setembro', 'Centro', 'Manaus', 'AM', '59124386006', '1961-10-18'),
(11, 'Diego', 'Pinto', 'A', 'R. Visc. de Pirajá', 'Ipanema', 'Rio de Janeiro', 'RJ', '68714253062', '2001-12-14'),
(12, 'Henrique', 'Peixoto', 'AB', 'Avenida Interpraias Sul', 'Balneário Pérola', 'Arroio do Sal', 'RS', '10962478520', '1985-12-08'),
(13, 'Bernardo', 'da Mata', 'A', 'Rua XV de Novembro', 'Centro', 'Curitiba', 'PR', '83419027613', '1948-08-06'),
(14, 'Vitor', 'Azevedo', 'A', 'R. Bento Manoel Ribeiro', 'Figueirinha', 'Arroio do Sal', 'RS', '12396078577', '1969-09-27'),
(15, 'Alícia', 'da Rocha', 'O', 'Rua das Figueiras', 'Quatro Lagos', 'Arroio do Sal', 'RS', '13074582626', '1967-11-26'),
(16, 'Carlos Eduardo', 'da Rocha', 'AB', 'Rua Alegrete', 'Centro', 'Arroio do Sal', 'RS', '16502743943', '1995-12-04'),
(17, 'Levi', 'da Paz', 'AB', 'Rua da Consolação', 'Consolação', 'São Paulo', 'SP', '64853209115', '1976-02-13'),
(18, 'Valentina', 'Ramos', 'O', 'Rua Padre Antônio', 'Lourdes', 'Belo Horizonte', 'MG', '47653208126', '1994-01-19'),
(19, 'Levi', 'Novaes', 'O', 'Av. das Américas', 'Barra da Tijuca', 'Rio de Janeiro', 'RJ', '73951804297', '1971-01-11'),
(20, 'Diego', 'da Luz', 'AB', 'Rua Padre Antônio', 'Lourdes', 'Belo Horizonte', 'MG', '56072149820', '1956-05-25'),
(21, 'João Lucas', 'das Neves', 'A', 'Rua da Consolação', 'Consolação', 'São Paulo', 'SP', '35947602865', '1988-07-18'),
(22, 'Alana', 'Carvalho', 'O', 'Rua dos Andradas', 'Centro', 'Porto Alegre', 'RS', '50634789210', '1972-12-27'),
(23, 'Davi', 'da Costa', 'O', 'Rua Alegrete', 'Centro', 'Arroio do Sal', 'RS', '54081769249', '1983-01-25'),
(24, 'Maria Julia', 'da Rosa', 'O', 'Rua dos Andradas', 'Centro', 'Porto Alegre', 'RS', '72856039456', '1983-06-04'),
(25, 'Breno', 'da Costa', 'AB', 'Rua Sete de Setembro', 'Centro', 'Manaus', 'AM', '91567430252', '1954-01-20'),
(26, 'Marcela', 'Moura', 'B', 'R. Bento Manoel Ribeiro', 'Figueirinha', 'Arroio do Sal', 'RS', '53268790186', '1998-05-01'),
(27, 'Joana', 'Santos', 'O', 'R. Visc. de Pirajá', 'Ipanema', 'Rio de Janeiro', 'RJ', '43876051207', '1976-10-15'),
(28, 'Maria Julia', 'Rocha', 'B', 'Rua Sete de Setembro', 'Centro', 'Manaus', 'AM', '65390872410', '1974-08-08'),
(29, 'João Felipe', 'Porto', 'O', 'Rua da Consolação', 'Consolação', 'São Paulo', 'SP', '60432587900', '1975-09-05'),
(30, 'Enzo Gabriel', 'Rocha', 'AB', 'Rua dos Andradas', 'Centro', 'Porto Alegre', 'RS', '60452719801', '1991-12-21'),
(31, 'Alícia', 'Fernandes', 'A', 'Avenida Interpraias Sul', 'Balneário Pérola', 'Arroio do Sal', 'RS', '98327054104', '1993-11-07'),
(32, 'Milena', 'Gonçalves', 'B', 'Avenida Interpraias Sul', 'Balneário Pérola', 'Arroio do Sal', 'RS', '46152793025', '1993-03-21'),
(33, 'Melissa', 'da Luz', 'B', 'Av. Paulista', 'Bela Vista', 'São Paulo', 'SP', '94106273543', '1979-06-26'),
(34, 'Nicole', 'Viana', 'B', 'Rua das Figueiras', 'Quatro Lagos', 'Arroio do Sal', 'RS', '03528614951', '2001-08-17'),
(35, 'Ana Laura', 'Cavalcanti', 'B', 'Av. Paulista', 'Bela Vista', 'São Paulo', 'SP', '14387962500', '1969-09-15'),
(36, 'Sophia', 'Pinto', 'A', 'R. Bento Manoel Ribeiro', 'Figueirinha', 'Arroio do Sal', 'RS', '29148370541', '1977-04-11'),
(37, 'Luiza', 'Rezende', 'O', 'Av. Paulista', 'Bela Vista', 'São Paulo', 'SP', '51062349725', '1949-10-10'),
(38, 'Bárbara', 'da Conceição', 'A', 'Rua Alegrete', 'Centro', 'Arroio do Sal', 'RS', '34689207178', '1994-09-15'),
(39, 'João Vitor', 'Pereira', 'A', 'Avenida Interpraias Sul', 'Balneário Pérola', 'Arroio do Sal', 'RS', '05349862774', '1975-10-21'),
(40, 'Ana Julia', 'da Conceição', 'AB', 'Rua da Consolação', 'Consolação', 'São Paulo', 'SP', '58032174923', '1947-07-14'),
(41, 'João', 'Aragão', 'O', 'Rua Sete de Setembro', 'Centro', 'Manaus', 'AM', '36481902533', '1949-08-13'),
(42, 'Lavínia', 'Dias', 'O', 'R. Visc. de Pirajá', 'Ipanema', 'Rio de Janeiro', 'RJ', '74195630800', '1981-06-17'),
(43, 'Carlos Eduardo', 'Cardoso', 'B', 'Rua dos Andradas', 'Centro', 'Porto Alegre', 'RS', '67893201568', '1998-08-08'),
(44, 'Enrico', 'da Rocha', 'O', 'Rua da Consolação', 'Consolação', 'São Paulo', 'SP', '36590217416', '1999-05-05'),
(45, 'Leonardo', 'da Mota', 'A', 'Rua XV de Novembro', 'Centro', 'Curitiba', 'PR', '48125309624', '2001-09-16'),
(46, 'Ana Laura', 'Araújo', 'A', 'Rua das Figueiras', 'Quatro Lagos', 'Arroio do Sal', 'RS', '92043586106', '1981-11-02'),
(47, 'Lucca', 'Fogaça', 'A', 'Rua dos Andradas', 'Centro', 'Porto Alegre', 'RS', '52437018905', '2003-03-16'),
(48, 'Isadora', 'Cavalcanti', 'B', 'Rua Sete de Setembro', 'Centro', 'Manaus', 'AM', '31596827068', '1981-07-16'),
(49, 'Ana Laura', 'Mendes', 'A', 'Avenida Interpraias Sul', 'Balneário Pérola', 'Arroio do Sal', 'RS', '72503814662', '1974-03-17'),
(50, 'Luiz Otávio', 'da Luz', 'B', 'Avenida Interpraias Sul', 'Balneário Pérola', 'Arroio do Sal', 'RS', '62491387573', '1952-10-05'),
(51, 'Bernardo', 'Oliveira', 'O', 'R. Visc. de Pirajá', 'Ipanema', 'Rio de Janeiro', 'RJ', '20467391831', '1990-12-27'),
(52, 'Alexandre', 'Martins', 'AB', 'Rua Alegrete', 'Centro', 'Arroio do Sal', 'RS', '15349687255', '1991-06-02'),
(53, 'Ana Sophia', 'da Paz', 'AB', 'Av. Paulista', 'Bela Vista', 'São Paulo', 'SP', '91208375695', '1995-06-17'),
(54, 'João Guilherme', 'Fernandes', 'A', 'R. Bento Manoel Ribeiro', 'Figueirinha', 'Arroio do Sal', 'RS', '70361284535', '1977-03-28'),
(55, 'Sofia', 'Dias', 'O', 'Av. Paulista', 'Bela Vista', 'São Paulo', 'SP', '62805147308', '1974-07-20'),
(56, 'Ana Laura', 'Lima', 'AB', 'Rua das Figueiras', 'Quatro Lagos', 'Arroio do Sal', 'RS', '69701823478', '1998-04-19'),
(57, 'Lorena', 'Carvalho', 'AB', 'Rua Padre Antônio', 'Lourdes', 'Belo Horizonte', 'MG', '62351048717', '1985-12-07'),
(58, 'Marcos Vinicius', 'da Rocha', 'B', 'Rua da Consolação', 'Consolação', 'São Paulo', 'SP', '69321548033', '1954-05-25'),
(59, 'Maria Vitória', 'Alves', 'A', 'Avenida Interpraias Sul', 'Balneário Pérola', 'Arroio do Sal', 'RS', '27859341050', '1989-01-23'),
(60, 'Anthony', 'Lopes', 'B', 'Rua das Figueiras', 'Quatro Lagos', 'Arroio do Sal', 'RS', '05127634880', '1980-10-14'),
(61, 'Enzo Gabriel', 'Duarte', 'A', 'R. Bento Manoel Ribeiro', 'Figueirinha', 'Arroio do Sal', 'RS', '08123679521', '1943-11-16'),
(62, 'Augusto', 'Moura', 'A', 'R. Bento Manoel Ribeiro', 'Figueirinha', 'Arroio do Sal', 'RS', '02856914730', '1960-03-18'),
(63, 'Julia', 'da Cunha', 'A', 'Av. Paulista', 'Bela Vista', 'São Paulo', 'SP', '42817053923', '1968-09-21'),
(64, 'Marcelo', 'Gonçalves', 'A', 'R. Bento Manoel Ribeiro', 'Figueirinha', 'Arroio do Sal', 'RS', '52408731607', '1946-05-27'),
(65, 'Igor', 'Cavalcanti', 'A', 'Rua Alegrete', 'Centro', 'Arroio do Sal', 'RS', '69071548384', '1962-08-07'),
(66, 'Olivia', 'Castro', 'A', 'Av. Paulista', 'Bela Vista', 'São Paulo', 'SP', '52371098612', '2005-05-23'),
(67, 'Bruna', 'da Rosa', 'A', 'Rua Alegrete', 'Centro', 'Arroio do Sal', 'RS', '46853120744', '1980-01-30'),
(68, 'Fernanda', 'Novaes', 'B', 'Av. Paulista', 'Bela Vista', 'São Paulo', 'SP', '84910235698', '1986-01-17'),
(69, 'João Pedro', 'Rezende', 'B', 'Rua Sete de Setembro', 'Centro', 'Manaus', 'AM', '95237614809', '1983-07-28'),
(70, 'Maria Sophia', 'Moraes', 'AB', 'Rua Alegrete', 'Centro', 'Arroio do Sal', 'RS', '13058279612', '1993-02-03'),
(71, 'Luiz Fernando', 'Barbosa', 'O', 'Av. Paulista', 'Bela Vista', 'São Paulo', 'SP', '59381624755', '1992-02-18'),
(72, 'Ana Laura', 'Cavalcanti', 'A', 'R. Visc. de Pirajá', 'Ipanema', 'Rio de Janeiro', 'RJ', '20691537895', '1963-12-19'),
(73, 'Maitê', 'Dias', 'B', 'Rua da Consolação', 'Consolação', 'São Paulo', 'SP', '06593142743', '1949-12-08'),
(74, 'Alana', 'Pires', 'O', 'Av. das Américas', 'Barra da Tijuca', 'Rio de Janeiro', 'RJ', '48219736003', '1954-07-24'),
(75, 'Francisco', 'Caldeira', 'AB', 'Avenida Interpraias Sul', 'Balneário Pérola', 'Arroio do Sal', 'RS', '21930647506', '1992-12-14'),
(76, 'Ryan', 'da Cunha', 'A', 'R. Bento Manoel Ribeiro', 'Figueirinha', 'Arroio do Sal', 'RS', '97863254191', '1995-10-30'),
(77, 'Bruno', 'Carvalho', 'AB', 'Rua dos Andradas', 'Centro', 'Porto Alegre', 'RS', '15478326909', '1984-03-10'),
(78, 'Eduarda', 'Moura', 'AB', 'Av. das Américas', 'Barra da Tijuca', 'Rio de Janeiro', 'RJ', '45312869015', '1952-09-15'),
(79, 'João Gabriel', 'Souza', 'A', 'Avenida Interpraias Sul', 'Balneário Pérola', 'Arroio do Sal', 'RS', '40762513853', '1991-09-07'),
(80, 'Pietra', 'Sales', 'A', 'Rua Cruz Lima', 'Flamengo', 'Rio de Janeiro', 'RJ', '83704962104', '1952-10-10'),
(81, 'Benício', 'Jesus', 'O', 'Rua Alegrete', 'Centro', 'Arroio do Sal', 'RS', '12907583603', '1986-03-11'),
(82, 'Caroline', 'Rezende', 'B', 'R. Visc. de Pirajá', 'Ipanema', 'Rio de Janeiro', 'RJ', '85249071694', '1950-01-28'),
(83, 'Joana', 'Barros', 'A', 'Rua das Figueiras', 'Quatro Lagos', 'Arroio do Sal', 'RS', '95023487105', '1975-05-11'),
(84, 'Ryan', 'Castro', 'O', 'Rua dos Andradas', 'Centro', 'Porto Alegre', 'RS', '64390521870', '1997-08-07'),
(85, 'Danilo', 'Barros', 'AB', 'Rua Sete de Setembro', 'Centro', 'Manaus', 'AM', '27504196894', '1952-06-20'),
(86, 'Thomas', 'Nunes', 'AB', 'Rua XV de Novembro', 'Centro', 'Curitiba', 'PR', '21965834728', '1995-05-03'),
(87, 'Heitor', 'Araújo', 'B', 'Rua Padre Antônio', 'Lourdes', 'Belo Horizonte', 'MG', '81324506989', '1978-04-16'),
(88, 'Alana', 'Rocha', 'A', 'R. Bento Manoel Ribeiro', 'Figueirinha', 'Arroio do Sal', 'RS', '62930417803', '2003-10-10'),
(89, 'Luiz Gustavo', 'Sales', 'A', 'R. Visc. de Pirajá', 'Ipanema', 'Rio de Janeiro', 'RJ', '03617824978', '1967-03-03'),
(90, 'Lucca', 'Teixeira', 'B', 'Av. das Américas', 'Barra da Tijuca', 'Rio de Janeiro', 'RJ', '04837591205', '1992-07-14'),
(91, 'Enzo Gabriel', 'Freitas', 'AB', 'Rua Padre Antônio', 'Lourdes', 'Belo Horizonte', 'MG', '93781026540', '1951-07-23'),
(92, 'Lucca', 'Pereira', 'O', 'Rua das Figueiras', 'Quatro Lagos', 'Arroio do Sal', 'RS', '74912603570', '1990-09-12'),
(93, 'Felipe', 'Costa', 'AB', 'Rua Sete de Setembro', 'Centro', 'Manaus', 'AM', '85390742141', '1950-04-24'),
(94, 'Gabrielly', 'Cunha', 'A', 'Rua Cruz Lima', 'Flamengo', 'Rio de Janeiro', 'RJ', '63951870230', '2001-09-16'),
(95, 'Eduarda', 'Jesus', 'B', 'Rua das Figueiras', 'Quatro Lagos', 'Arroio do Sal', 'RS', '96108324589', '1956-02-10'),
(96, 'Danilo', 'Cunha', 'AB', 'R. Visc. de Pirajá', 'Ipanema', 'Rio de Janeiro', 'RJ', '53812467909', '1986-03-01'),
(97, 'Ana Beatriz', 'Ferreira', 'AB', 'Rua da Consolação', 'Consolação', 'São Paulo', 'SP', '28431065915', '1957-01-22'),
(98, 'Rafaela', 'Lima', 'B', 'Rua da Consolação', 'Consolação', 'São Paulo', 'SP', '31570426880', '1978-11-15'),
(99, 'Benício', 'da Rocha', 'AB', 'Av. Paulista', 'Bela Vista', 'São Paulo', 'SP', '57392810677', '1977-10-22');


-- Insert data into Cliente_ClienteEnfermidade table
INSERT INTO Cliente_ClienteEnfermidade (ClienteEnfermidade, ClienteID) VALUES
('Anemia', 4),
('Imunidade Baixa', 25),
('Anemia', 80),
('Anemia', 99),
('Diabetes', 5),
('Diabetes', 50),
('Diabetes', 13),
('Diabetes', 93),
('Imunidade Baixa', 72),
('Imunidade Baixa', 57),
('Imunidade Baixa', 64),
('Imunidade Baixa', 66),
('Diabetes', 21),
('Diabetes', 89),
('Diabetes', 61);


-- Insert data into Cliente_ClienteTelefone table
INSERT INTO Cliente_ClienteTelefone (ClienteTelefone, ClienteID) VALUES
('1944966586', 1),
('1949578935', 2),
('1978520728', 3),
('1991981910', 4),
('1909577954', 5),
('1903308497', 6),
('1992757882', 7),
('1961362336', 8),
('1927633934', 9),
('1969591493', 10),
('1925842160', 11),
('1948281801', 12),
('1941252345', 13),
('1926216710', 14),
('1944623648', 15),
('1993448191', 16),
('1939594667', 17),
('1961941263', 18),
('1926845362', 19),
('1949162565', 20),
('1989786400', 21),
('1964359846', 22),
('1982676415', 23),
('1921555662', 24),
('1965785479', 25),
('1971441512', 26),
('1906323970', 27),
('1923666723', 28),
('1927287527', 29),
('1943332461', 30),
('1926701870', 31),
('1920076347', 32),
('4925709856', 33),
('1912257534', 34),
('1915261446', 35),
('1907350287', 36),
('4963005999', 37),
('1968499872', 38),
('1986538360', 39),
('1971718330', 40),
('1974835691', 41),
('1923548236', 42),
('1996935216', 43),
('1970772479', 44),
('1983418960', 45),
('1946450957', 46),
('1948374328', 47),
('4915769080', 48),
('1934460807', 49),
('1907063825', 50),
('1983764216', 51),
('1943016600', 52),
('1966138380', 53),
('4942786569', 54),
('1960240157', 55),
('1971288481', 56),
('1981415422', 57),
('1981735039', 58),
('1979895435', 59),
('4914445200', 60),
('1999317285', 61),
('1904226077', 62),
('1930557633', 63),
('1982760375', 64),
('1987757338', 65),
('1975962104', 66),
('1939112529', 67),
('1901968648', 68),
('1949579131', 69),
('1932836955', 70),
('4980846735', 71),
('1916472130', 72),
('1974431340', 73),
('1920285097', 74),
('1961102952', 75),
('1970171788', 76),
('1900482961', 77),
('4953393796', 78),
('1983180209', 79),
('1978767034', 80),
('4903132921', 81),
('1945175695', 82),
('1986060663', 83),
('4952965014', 84),
('1994391926', 85),
('1974609497', 86),
('1971560252', 87),
('1992619442', 88),
('1920331189', 89),
('1925507142', 90),
('1920736120', 91),
('1900055242', 92),
('1917130390', 93),
('1937533185', 94),
('1968620158', 95),
('1993966364', 96),
('1977162150', 97),
('1967754685', 98),
('1960352298', 99);

INSERT INTO Pedido (PedidoID, PedidoData, ClienteID, FilialID) VALUES
(1, '2024-05-02 08:15:00', 36, 8),
(2, '2024-05-06 09:30:00', 43, 4),
(3, '2024-05-16 10:45:00', 72, 5),
(4, '2024-05-07 11:00:00', 17, 9),
(5, '2024-05-04 12:15:00', 81, 3),
(6, '2024-05-01 13:30:00', 13, 8),
(7, '2024-05-11 14:45:00', 58, 9),
(8, '2024-05-04 15:00:00', 6, 7),
(9, '2024-05-01 16:15:00', 25, 8),
(10, '2024-05-19 17:30:00', 75, 8),
(11, '2024-05-02 18:45:00', 48, 10),
(12, '2024-05-16 19:00:00', 25, 7),
(13, '2024-05-12 20:15:00', 53, 4),
(14, '2024-05-17 21:30:00', 9, 4),
(15, '2024-05-03 22:45:00', 94, 2),
(16, '2024-05-18 23:00:00', 42, 6),
(17, '2024-05-11 08:30:00', 78, 1),
(18, '2024-05-03 09:45:00', 75, 10),
(19, '2024-05-11 10:00:00', 74, 7),
(20, '2024-05-10 11:15:00', 12, 5),
(21, '2024-05-10 12:30:00', 51, 6),
(22, '2024-05-02 13:45:00', 76, 10),
(23, '2024-05-07 14:00:00', 87, 6),
(24, '2024-05-09 15:15:00', 62, 10),
(25, '2024-05-09 16:30:00', 9, 7),
(26, '2024-05-12 17:45:00', 40, 10),
(27, '2024-05-08 18:00:00', 95, 10),
(28, '2024-05-18 19:15:00', 67, 3),
(29, '2024-05-13 20:30:00', 72, 10),
(30, '2024-05-16 21:45:00', 82, 2),
(31, '2024-05-17 22:00:00', 41, 4),
(32, '2024-05-02 23:15:00', 54, 3),
(33, '2024-05-16 08:00:00', 60, 1),
(34, '2024-05-17 09:15:00', 71, 8),
(35, '2024-05-14 10:30:00', 76, 8),
(36, '2024-05-03 11:45:00', 74, 4),
(37, '2024-05-15 12:00:00', 49, 9),
(38, '2024-05-02 13:15:00', 63, 5),
(39, '2024-05-13 14:30:00', 52, 7),
(40, '2024-05-19 15:45:00', 64, 10),
(41, '2024-05-18 16:00:00', 22, 4),
(42, '2024-05-13 17:15:00', 65, 3),
(43, '2024-05-20 18:30:00', 4, 8),
(44, '2024-05-18 19:45:00', 52, 4),
(45, '2024-05-15 20:00:00', 52, 3),
(46, '2024-05-16 21:15:00', 7, 9),
(47, '2024-05-12 22:30:00', 34, 5),
(48, '2024-05-14 23:45:00', 46, 2),
(49, '2024-05-09 08:00:00', 71, 8),
(50, '2024-05-11 09:15:00', 87, 10),
(51, '2024-05-12 10:30:00', 33, 5),
(52, '2024-05-09 11:45:00', 53, 2),
(53, '2024-05-12 12:00:00', 97, 1),
(54, '2024-05-19 13:15:00', 30, 6),
(55, '2024-05-18 14:30:00', 21, 1),
(56, '2024-05-20 15:45:00', 88, 5),
(57, '2024-05-06 16:00:00', 93, 8),
(58, '2024-05-09 17:15:00', 94, 7),
(59, '2024-05-02 18:30:00', 25, 5),
(60, '2024-05-02 19:45:00', 61, 5),
(61, '2024-05-15 20:00:00', 95, 5),
(62, '2024-05-02 21:15:00', 48, 3),
(63, '2024-05-03 22:30:00', 90, 2),
(64, '2024-05-20 23:45:00', 5, 3),
(65, '2024-05-18 08:00:00', 53, 1),
(66, '2024-05-06 09:15:00', 99, 8),
(67, '2024-05-07 10:30:00', 2, 4),
(68, '2024-05-09 11:45:00', 9, 4),
(69, '2024-05-10 12:00:00', 47, 7),
(70, '2024-05-19 13:15:00', 72, 5),
(71, '2024-05-20 14:30:00', 65, 3),
(72, '2024-05-01 15:45:00', 99, 6),
(73, '2024-05-05 16:00:00', 39, 5),
(74, '2024-05-02 17:15:00', 56, 10),
(75, '2024-05-03 18:30:00', 74, 6),
(76, '2024-05-06 19:45:00', 45, 3),
(77, '2024-05-01 20:00:00', 6, 1),
(78, '2024-05-05 21:15:00', 14, 4),
(79, '2024-05-14 22:30:00', 90, 6),
(80, '2024-05-20 23:45:00', 99, 1),
(81, '2024-05-02 08:00:00', 40, 8),
(82, '2024-05-17 09:15:00', 49, 4),
(83, '2024-05-15 10:30:00', 54, 9),
(84, '2024-05-18 11:45:00', 82, 2),
(85, '2024-05-16 12:00:00', 91, 7),
(86, '2024-05-19 13:15:00', 79, 5),
(87, '2024-05-19 14:30:00', 54, 9),
(88, '2024-05-03 15:45:00', 14, 1),
(89, '2024-05-10 16:00:00', 67, 5),
(90, '2024-05-01 17:15:00', 52, 2),
(91, '2024-05-16 18:30:00', 70, 5),
(92, '2024-05-17 19:45:00', 83, 2),
(93, '2024-05-10 20:00:00', 72, 10),
(94, '2024-05-10 21:15:00', 13, 3),
(95, '2024-05-11 22:30:00', 35, 7),
(96, '2024-05-17 23:45:00', 15, 8),
(97, '2024-05-02 08:00:00', 33, 7),
(98, '2024-05-18 09:15:00', 48, 10),
(99, '2024-05-03 10:30:00', 64, 8),
(100, '2024-05-14 11:45:00', 44, 6),
(101, '2024-05-04 12:00:00', 97, 2),
(102, '2024-05-06 13:15:00', 96, 1),
(103, '2024-05-02 14:30:00', 54, 3),
(104, '2024-05-20 15:45:00', 91, 8),
(105, '2024-05-20 16:00:00', 82, 5),
(106, '2024-05-09 17:15:00', 84, 8),
(107, '2024-05-04 18:30:00', 85, 4),
(108, '2024-05-12 19:45:00', 73, 10),
(109, '2024-05-18 20:00:00', 39, 8),
(110, '2024-05-09 21:15:00', 10, 7),
(111, '2024-05-07 22:30:00', 51, 9),
(112, '2024-05-13 23:45:00', 53, 4),
(113, '2024-05-17 08:00:00', 60, 4),
(114, '2024-05-08 09:15:00', 26, 7),
(115, '2024-05-05 10:30:00', 11, 9),
(116, '2024-05-10 11:45:00', 90, 1),
(117, '2024-05-02 12:00:00', 99, 7),
(118, '2024-05-02 13:15:00', 71, 4),
(119, '2024-05-01 14:30:00', 42, 10),
(120, '2024-05-15 15:45:00', 93, 3),
(121, '2024-05-10 16:00:00', 86, 4),
(122, '2024-05-09 17:15:00', 30, 8),
(123, '2024-05-14 18:30:00', 75, 2),
(124, '2024-05-10 19:45:00', 34, 4),
(125, '2024-05-06 20:00:00', 97, 8),
(126, '2024-05-03 21:15:00', 91, 8),
(127, '2024-05-06 22:30:00', 82, 3),
(128, '2024-05-05 23:45:00', 89, 10),
(129, '2024-05-09 08:00:00', 19, 7),
(130, '2024-05-05 09:15:00', 71, 10),
(131, '2024-05-05 10:30:00', 53, 6),
(132, '2024-05-07 11:45:00', 49, 10),
(133, '2024-05-17 12:00:00', 88, 6),
(134, '2024-05-02 13:15:00', 87, 3),
(135, '2024-05-20 14:30:00', 67, 7),
(136, '2024-05-02 15:45:00', 84, 6),
(137, '2024-05-02 16:00:00', 24, 1),
(138, '2024-05-07 17:15:00', 75, 5),
(139, '2024-05-08 18:30:00', 30, 4),
(140, '2024-05-02 19:45:00', 80, 10),
(141, '2024-05-05 20:00:00', 56, 10),
(142, '2024-05-17 21:15:00', 12, 2),
(143, '2024-05-11 22:30:00', 37, 9),
(144, '2024-05-08 23:45:00', 52, 3),
(145, '2024-05-07 08:00:00', 69, 4),
(146, '2024-05-04 09:15:00', 89, 5),
(147, '2024-05-15 10:30:00', 25, 2),
(148, '2024-05-12 11:45:00', 8, 8),
(149, '2024-05-11 12:00:00', 60, 2),
(150, '2024-05-09 13:15:00', 49, 8),
(151, '2024-05-01 14:30:00', 60, 3),
(152, '2024-05-09 15:45:00', 37, 4),
(153, '2024-05-07 16:00:00', 88, 4),
(154, '2024-05-16 17:15:00', 63, 3),
(155, '2024-05-03 18:30:00', 50, 2),
(156, '2024-05-05 19:45:00', 2, 2),
(157, '2024-05-17 20:00:00', 73, 3),
(158, '2024-05-09 21:15:00', 82, 10),
(159, '2024-05-12 22:30:00', 3, 2),
(160, '2024-05-15 23:45:00', 94, 10),
(161, '2024-05-08 08:00:00', 25, 4),
(162, '2024-05-08 09:15:00', 86, 8),
(163, '2024-05-18 10:30:00', 42, 7),
(164, '2024-05-16 11:45:00', 15, 6),
(165, '2024-05-18 12:00:00', 83, 3),
(166, '2024-05-07 13:15:00', 9, 1),
(167, '2024-05-10 14:30:00', 36, 4),
(168, '2024-05-18 15:45:00', 84, 2),
(169, '2024-05-12 16:00:00', 6, 4),
(170, '2024-05-01 17:15:00', 58, 8),
(171, '2024-05-07 18:30:00', 16, 6),
(172, '2024-05-04 19:45:00', 72, 1),
(173, '2024-05-19 20:00:00', 90, 8),
(174, '2024-05-07 21:15:00', 34, 2),
(175, '2024-05-10 22:30:00', 73, 6),
(176, '2024-05-19 23:45:00', 18, 10),
(177, '2024-05-06 04:30:00', 42, 9),
(178, '2024-05-15 06:45:00', 80, 1),
(179, '2024-05-17 08:00:00', 23, 3),
(180, '2024-05-05 09:15:00', 24, 10),
(181, '2024-05-05 10:30:00', 62, 3),
(182, '2024-05-20 11:45:00', 74, 8),
(183, '2024-05-06 13:00:00', 85, 10),
(184, '2024-05-09 14:15:00', 86, 4),
(185, '2024-05-13 15:30:00', 3, 4),
(186, '2024-05-01 16:45:00', 58, 9),
(187, '2024-05-16 18:00:00', 36, 6),
(188, '2024-05-10 19:15:00', 15, 1),
(189, '2024-05-02 20:30:00', 94, 4),
(190, '2024-05-03 21:45:00', 48, 1),
(191, '2024-05-15 23:00:00', 48, 6),
(192, '2024-05-11 02:15:00', 80, 7),
(193, '2024-05-03 03:30:00', 61, 1),
(194, '2024-05-16 05:45:00', 87, 3),
(195, '2024-05-06 07:00:00', 8, 5),
(196, '2024-05-19 08:15:00', 21, 6),
(197, '2024-05-12 09:30:00', 59, 7),
(198, '2024-05-18 10:45:00', 17, 6),
(199, '2024-05-03 12:00:00', 16, 9),
(200, '2024-05-01 13:15:00', 31, 6);


INSERT INTO PedidoItem (Quantidade, PedidoID, ItemID) VALUES
(3, 1, 2),
(2, 1, 5),
(1, 2, 4),
(1, 3, 1),
(2, 4, 16),
(1, 4, 8),
(2, 4, 9),
(3, 5, 6),
(2, 6, 8),
(2, 6, 11),
(3, 7, 9),
(2, 8, 7),
(1, 8, 15),
(2, 9, 10),
(2, 9, 16),
(3, 10, 17),
(3, 10, 18),
(3, 10, 8),
(3, 11, 2),
(2, 11, 5),
(1, 12, 14),
(3, 13, 14),
(3, 14, 16),
(3, 15, 12),
(1, 15, 18),
(3, 15, 16),
(1, 16, 16),
(2, 16, 8),
(1, 16, 13),
(3, 17, 6),
(3, 17, 5),
(3, 17, 16),
(3, 18, 9),
(2, 19, 10),
(3, 19, 15),
(3, 19, 17),
(3, 20, 16),
(1, 21, 16),
(3, 21, 13),
(1, 22, 10),
(2, 22, 9),
(2, 23, 13),
(1, 23, 12),
(1, 24, 8),
(3, 24, 16),
(3, 25, 4),
(2, 26, 10),
(1, 27, 15),
(2, 27, 12),
(2, 28, 5),
(2, 28, 9),
(2, 28, 12),
(3, 29, 15),
(3, 29, 3),
(1, 29, 10),
(2, 30, 11),
(3, 30, 2),
(2, 31, 14),
(3, 32, 3),
(2, 32, 9),
(2, 33, 2),
(1, 33, 13),
(3, 33, 9),
(2, 34, 8),
(2, 34, 1),
(2, 34, 10),
(1, 35, 15),
(3, 35, 9),
(2, 35, 11),
(3, 36, 5),
(3, 37, 7),
(3, 38, 8),
(1, 39, 14),
(1, 39, 10),
(3, 40, 16),
(2, 41, 13),
(3, 42, 17),
(1, 42, 16),
(2, 43, 17),
(2, 43, 9),
(2, 44, 11),
(3, 44, 5),
(1, 45, 13),
(1, 45, 14),
(3, 45, 12),
(1, 46, 5),
(2, 47, 18),
(1, 48, 17),
(1, 48, 5),
(3, 49, 3),
(3, 49, 18),
(1, 50, 3),
(2, 51, 14),
(3, 52, 2),
(1, 52, 3),
(1, 53, 5),
(3, 53, 1),
(3, 53, 11),
(2, 54, 5),
(1, 55, 14),
(1, 55, 18),
(3, 55, 6),
(3, 56, 6),
(3, 57, 15),
(2, 58, 8),
(2, 58, 15),
(3, 59, 3),
(3, 60, 3),
(3, 61, 2),
(3, 61, 16),
(2, 62, 6),
(1, 63, 11),
(2, 63, 3),
(3, 63, 7),
(3, 64, 11),
(1, 64, 7),
(1, 65, 8),
(1, 65, 6),
(3, 65, 9),
(2, 66, 6),
(1, 66, 9),
(1, 66, 11),
(3, 67, 3),
(3, 67, 8),
(3, 67, 13),
(1, 68, 15),
(3, 68, 4),
(3, 69, 5),
(1, 70, 7),
(2, 70, 18),
(3, 70, 11),
(2, 71, 7),
(1, 71, 10),
(2, 72, 5),
(1, 72, 15),
(1, 72, 7),
(2, 73, 4),
(1, 73, 5),
(2, 74, 17),
(3, 74, 8),
(2, 75, 5),
(1, 76, 7),
(1, 77, 10),
(2, 78, 3),
(1, 79, 2),
(3, 79, 7),
(2, 79, 18),
(3, 80, 12),
(3, 81, 7),
(2, 82, 4),
(2, 82, 14),
(1, 83, 13),
(2, 84, 6),
(1, 84, 2),
(3, 85, 10),
(1, 85, 8),
(2, 86, 15),
(2, 86, 13),
(1, 86, 17),
(2, 87, 9),
(3, 88, 14),
(2, 88, 12),
(3, 88, 9),
(1, 89, 5),
(3, 89, 8),
(1, 89, 4),
(1, 90, 14),
(3, 91, 9),
(1, 91, 14),
(2, 91, 4),
(1, 92, 18),
(3, 92, 5),
(3, 93, 13),
(2, 93, 9),
(3, 94, 3),
(2, 95, 13),
(3, 95, 18),
(3, 96, 8),
(3, 96, 3),
(1, 97, 5),
(1, 97, 18),
(2, 98, 18),
(3, 99, 7),
(1, 100, 18),
(3, 100, 17),
(2, 100, 14),
(2, 101, 16),
(2, 102, 1),
(2, 102, 9),
(3, 102, 4),
(2, 103, 6),
(3, 104, 6),
(2, 105, 16),
(2, 105, 5),
(1, 105, 14),
(1, 106, 12),
(1, 107, 3),
(3, 107, 11),
(3, 107, 1),
(2, 108, 11),
(3, 109, 4),
(3, 109, 12),
(3, 109, 13),
(3, 110, 17),
(1, 111, 14),
(1, 112, 5),
(2, 112, 3),
(2, 113, 5),
(3, 113, 12),
(2, 113, 10),
(3, 114, 9),
(3, 115, 16),
(3, 115, 13),
(3, 115, 1),
(2, 116, 10),
(1, 116, 18),
(3, 116, 4),
(2, 117, 17),
(2, 117, 11),
(1, 118, 11),
(2, 119, 13),
(1, 120, 12),
(2, 120, 6),
(2, 120, 11),
(3, 121, 16),
(2, 122, 8),
(1, 122, 13),
(2, 122, 17),
(3, 123, 18),
(3, 124, 13),
(1, 124, 16),
(2, 125, 11),
(2, 126, 3),
(1, 127, 5),
(3, 128, 16),
(1, 128, 7),
(1, 128, 3),
(3, 129, 10),
(1, 129, 7),
(3, 130, 8),
(2, 131, 5),
(1, 131, 9),
(3, 132, 5),
(2, 133, 12),
(3, 133, 11),
(3, 133, 3),
(1, 134, 5),
(1, 135, 6),
(2, 135, 8),
(3, 135, 16),
(3, 136, 7),
(1, 136, 13),
(1, 136, 2),
(1, 137, 18),
(2, 137, 4),
(1, 138, 2),
(1, 138, 9),
(3, 138, 3),
(1, 139, 11),
(2, 139, 10),
(1, 139, 5),
(3, 140, 11),
(3, 140, 18),
(1, 141, 10),
(1, 142, 14),
(3, 143, 15),
(3, 144, 3),
(2, 144, 4),
(2, 145, 13),
(1, 146, 3),
(2, 147, 13),
(1, 147, 3),
(1, 147, 12),
(3, 148, 18),
(2, 149, 18),
(1, 149, 10),
(3, 150, 16),
(2, 150, 10),
(1, 150, 14),
(3, 151, 1),
(1, 152, 17),
(1, 153, 18),
(1, 153, 3),
(3, 153, 2),
(2, 154, 8),
(3, 154, 7),
(2, 154, 5),
(3, 155, 15),
(2, 156, 13),
(2, 157, 12),
(3, 158, 16),
(1, 158, 13),
(2, 158, 5),
(3, 159, 4),
(1, 159, 16),
(2, 160, 14),
(2, 160, 1),
(2, 161, 12),
(2, 162, 9),
(3, 163, 17),
(3, 163, 11),
(1, 164, 10),
(3, 165, 5),
(2, 166, 11),
(1, 167, 5),
(2, 167, 18),
(2, 168, 10),
(1, 169, 4),
(1, 169, 9),
(2, 169, 16),
(3, 170, 11),
(2, 171, 2),
(1, 171, 3),
(2, 171, 12),
(2, 172, 1),
(3, 172, 6),
(3, 173, 1),
(2, 174, 10),
(1, 174, 11),
(2, 174, 12),
(1, 175, 8),
(2, 175, 7),
(3, 176, 3),
(2, 176, 15),
(1, 176, 17),
(1, 177, 17),
(2, 177, 8),
(2, 178, 18),
(1, 178, 11),
(3, 179, 13),
(2, 180, 5),
(1, 181, 2),
(2, 181, 9),
(1, 182, 4),
(3, 182, 15),
(3, 182, 16),
(3, 183, 13),
(3, 184, 9),
(1, 185, 17),
(3, 186, 13),
(1, 186, 10),
(1, 187, 5),
(3, 187, 17),
(2, 187, 3),
(3, 188, 13),
(1, 189, 17),
(1, 189, 7),
(2, 190, 7),
(2, 190, 16),
(3, 191, 18),
(3, 192, 1),
(3, 192, 15),
(2, 192, 12),
(2, 193, 5),
(1, 193, 7),
(2, 194, 2),
(3, 195, 9),
(1, 196, 9),
(2, 196, 12),
(1, 197, 2),
(3, 197, 6),
(3, 198, 7),
(3, 199, 17),
(3, 199, 15),
(2, 199, 18),
(1, 200, 1),
(3, 200, 13),
(1, 200, 12);


-- Insert data into Ingredientes table
INSERT INTO Ingredientes (IngredID, IngredNome, IngredPrecoCompra, IngredCal) VALUES
(1, 'Alface', 3.00, 5),
(2, 'Cenoura', 5.00, 50),
(3, 'Peito de Frango', 10.00, 120),
(4, 'Macarrão', 5.00, 200),
(5, 'Tomate', 4.00, 20),
(6, 'Azeite de Oliva', 7.00, 100),
(7, 'Arroz', 8.00, 120),
(8, 'Bife de Carne', 7.00, 200),
(9, 'Cereal', 4.00, 20),
(10, 'Queijo', 7.00, 100),
(11, 'Limão Siciliano', 10.00, 100),
(12, 'Figado', 12.00, 250),
(13, 'Berinjela', 10.00, 150),
(14, 'Chuchu', 8.00, 150),
(15, 'Salmão', 35.00, 300),
(16, 'Abobrinha', 10.00, 200);


-- Insert data into ItemIngrediente table
INSERT INTO ItemIngrediente (IngredID, ItemID) VALUES
(1, 1),
(2, 2),
(3, 3),
(4, 4),
(5, 4),
(6, 4),
(7, 5),
(8, 5),
(8, 6),
(9, 7),
(10, 8),
(11, 13),
(12, 14),
(13, 15),
(14, 16),
(15, 17),
(16, 18);

-- sobe o arquivo para o Moba e executa esse comando
set search_path=cc_bd;
\i /home/dbadmin/DML_cartao.sql

INSERT INTO MarketShareFilial (FilialID, MarketShare) VALUES
(1, 0.02),
(2, 0.04),
(3, 0.1),
(4, 0.03),
(5, 0.03),
(6, 0.02),
(7, 0.02),
(8, 0.03),
(9, 0.01),
(10, 0.07);